name,num_voxels,num_occupied_voxels,bitrate,point_to_point_D1
CITIUSP_vox10_nor_i00j01k00,2097152,2105,1.7634204275534442,0.332541567695962
CITIUSP_vox10_nor_i00j02k00,2097152,1887,2.4970853206147323,0.726789621756799
CITIUSP_vox10_nor_i00j03k00,2097152,11332,1.0935404165195906,0.46809369951534735
CITIUSP_vox10_nor_i00j04k00,2097152,6596,1.0163735597331716,0.34751948533960164
CITIUSP_vox10_nor_i00j05k00,2097152,3574,1.4862898712926693,0.517774343122102
CITIUSP_vox10_nor_i01j00k00,2097152,1371,2.1356673960612693,0.3484848484848485
CITIUSP_vox10_nor_i01j01k00,2097152,7942,1.0949383026945354,0.296596256977126
CITIUSP_vox10_nor_i01j02k00,2097152,13730,0.9742170429715951,0.3387348083515114
CITIUSP_vox10_nor_i01j03k00,2097152,21578,0.5149689498563351,0.10180720176664113
CITIUSP_vox10_nor_i01j04k00,2097152,17494,0.476963530353264,0.1012672550350758
CITIUSP_vox10_nor_i01j05k00,2097152,13773,0.6842372758295215,0.2283453132941262
CITIUSP_vox10_nor_i01j06k00,2097152,1985,2.0272040302267,0.4967395473724588
CITIUSP_vox10_nor_i02j00k00,2097152,21603,0.9150580937832709,0.3298577820389901
CITIUSP_vox10_nor_i02j01k00,2097152,14173,0.8511959359345234,0.2203485500599732
CITIUSP_vox10_nor_i02j02k00,2097152,59273,0.6509540600273311,0.2523040225523149
CITIUSP_vox10_nor_i02j03k00,2097152,21653,0.5035791807139888,0.06737556561085972
CITIUSP_vox10_nor_i02j04k00,2097152,19821,0.4197568235709601,0.05742205208280864
CITIUSP_vox10_nor_i02j05k00,2097152,19999,0.5800290014500725,0.1804204149072884
CITIUSP_vox10_nor_i02j06k00,2097152,8968,1.4540588760035682,0.5511682813644875
CITIUSP_vox10_nor_i03j00k00,2097152,18094,0.9598762020559302,0.3673593456394385
CITIUSP_vox10_nor_i03j01k00,2097152,36692,0.7853483048075874,0.2681510956066718
CITIUSP_vox10_nor_i03j02k00,2097152,42965,0.5850343302688235,0.14874898172931456
CITIUSP_vox10_nor_i03j03k00,2097152,56435,0.5728360060246301,0.13805417646546467
CITIUSP_vox10_nor_i03j03k01,2097152,3734,0.8377075522228173,0.10417782538832351
CITIUSP_vox10_nor_i03j04k00,2097152,25613,0.5187990473587631,0.09676183176853803
CITIUSP_vox10_nor_i03j05k00,2097152,31412,0.6968037692601553,0.19868929693162599
CITIUSP_vox10_nor_i03j06k00,2097152,3847,1.74473615804523,0.4175460376577695
CITIUSP_vox10_nor_i03j07k00,2097152,4,402.0,0.25
CITIUSP_vox10_nor_i04j00k00,2097152,13710,1.0088986141502554,0.4134574947431661
CITIUSP_vox10_nor_i04j01k00,2097152,38282,0.7341309231492608,0.251849042290916
CITIUSP_vox10_nor_i04j02k00,2097152,47963,0.5904551425056814,0.13683464337093176
CITIUSP_vox10_nor_i04j02k01,2097152,14677,0.7407508346392314,0.18642938079050855
CITIUSP_vox10_nor_i04j03k00,2097152,44925,0.5616471897607123,0.13016303160103151
CITIUSP_vox10_nor_i04j03k01,2097152,4895,0.730541368743616,0.0757020757020757
CITIUSP_vox10_nor_i04j04k00,2097152,34281,0.5957819200140019,0.11690020017157564
CITIUSP_vox10_nor_i04j05k00,2097152,35969,0.8509549890183213,0.23744350862777322
CITIUSP_vox10_nor_i04j06k00,2097152,4040,1.6336633663366336,0.4213057148141298
CITIUSP_vox10_nor_i05j00k00,2097152,7956,1.5877325289089994,0.6823008109689825
CITIUSP_vox10_nor_i05j01k00,2097152,36942,0.6572464945048996,0.2384548752097883
CITIUSP_vox10_nor_i05j02k00,2097152,27671,0.5973040367171407,0.13421994145495283
CITIUSP_vox10_nor_i05j03k00,2097152,39441,0.6612408407494739,0.19634790965881788
CITIUSP_vox10_nor_i05j04k00,2097152,52046,0.7122929716020443,0.25683441645630806
CITIUSP_vox10_nor_i05j05k00,2097152,3601,1.7417384059983338,0.3562888570062171
CITIUSP_vox10_nor_i06j00k00,2097152,1906,2.535152151101784,0.7221200980392157
CITIUSP_vox10_nor_i06j01k00,2097152,9581,1.1898549211982048,0.47180497414429945
CITIUSP_vox10_nor_i06j02k00,2097152,21111,0.8412675856188717,0.28483727188630054
CITIUSP_vox10_nor_i06j03k00,2097152,31501,0.8360369512078981,0.3188963303260087
CITIUSP_vox10_nor_i06j04k00,2097152,13072,0.8990208078335373,0.31423705722070844
CITIUSP_vox10_nor_i06j05k00,2097152,133,13.413533834586467,0.36419753086419754
CITIUSP_vox10_nor_i07j00k00,2097152,7,240.0,2.6052631578947367
CITIUSP_vox10_nor_i07j01k00,2097152,4,412.0,1.6
CITIUSP_vox10_nor_i07j02k00,2097152,6426,1.3706816059757236,0.45958624007697857
CITIUSP_vox10_nor_i07j03k00,2097152,9966,1.2329921733895244,0.45648771325716075
CITIUSP_vox10_nor_i07j04k00,2097152,827,3.3857315598548974,0.5621805792163543
CITIUSP_vox10_nor_i07j05k00,2097152,1399,2.1100786275911365,0.44894466628636626
fruits_vox10_nor_i00j01k01,2097152,1182,2.0710659898477157,0.5233380480905233
fruits_vox10_nor_i00j01k02,2097152,5749,1.0561836841189771,0.5357453470168725
fruits_vox10_nor_i00j01k03,2097152,5234,1.1601069927397785,0.5404589371980676
fruits_vox10_nor_i00j01k04,2097152,6475,0.9340540540540541,0.5123255510629973
fruits_vox10_nor_i00j01k05,2097152,111,15.207207207207206,0.5732484076433121
fruits_vox10_nor_i00j02k01,2097152,10188,0.8511974872398901,0.5115571776155717
fruits_vox10_nor_i00j02k02,2097152,19415,0.7388101983002833,0.5201108405407675
fruits_vox10_nor_i00j02k03,2097152,17956,0.7226553798173313,0.5192675594424706
fruits_vox10_nor_i00j02k04,2097152,18846,0.6842831370052,0.5116748595505618
fruits_vox10_nor_i00j02k05,2097152,3862,1.0295183842568618,0.5170332039672273
fruits_vox10_nor_i00j03k03,2097152,7,228.57142857142858,0.5555555555555556
fruits_vox10_nor_i00j03k04,2097152,3599,0.9891636565712698,0.508398391294062
fruits_vox10_nor_i00j03k05,2097152,776,2.6288659793814433,0.4961340206185567
fruits_vox10_nor_i01j00k01,2097152,1607,1.777224642190417,0.5270690728064716
fruits_vox10_nor_i01j00k02,2097152,3106,1.022537025112685,0.5137466307277628
fruits_vox10_nor_i01j00k03,2097152,7021,0.8146987608602763,0.5062377690802349
fruits_vox10_nor_i01j00k04,2097152,6209,1.0603961990658721,0.5154252362423568
fruits_vox10_nor_i01j00k05,2097152,809,3.016069221260816,0.5208333333333334
fruits_vox10_nor_i01j01k00,2097152,1227,1.8386308068459658,0.524578136463683
fruits_vox10_nor_i01j01k01,2097152,22385,0.6951083314719678,0.5209914011127972
fruits_vox10_nor_i01j01k02,2097152,7969,0.779018697452629,0.5083985393844549
fruits_vox10_nor_i01j01k03,2097152,10040,0.7625498007968128,0.5024361056500556
fruits_vox10_nor_i01j01k04,2097152,16702,0.7294934738354688,0.5115435693124936
fruits_vox10_nor_i01j01k05,2097152,16101,0.7582137755418918,0.5222160997846015
fruits_vox10_nor_i01j01k06,2097152,28,58.857142857142854,0.48717948717948717
fruits_vox10_nor_i01j02k00,2097152,6867,0.8108344255133246,0.5072692028107584
fruits_vox10_nor_i01j02k01,2097152,16507,0.7531350336220998,0.5146457601846953
fruits_vox10_nor_i01j02k02,2097152,11339,0.8642737454802011,0.5079365079365079
fruits_vox10_nor_i01j02k03,2097152,14638,0.7476431206448968,0.5123806256075942
fruits_vox10_nor_i01j02k04,2097152,1983,1.3555219364599091,0.5185352622061483
fruits_vox10_nor_i01j02k05,2097152,15321,0.6918608445923895,0.5122126040690301
fruits_vox10_nor_i01j02k06,2097152,1878,1.5633652822151225,0.5171202809482002
fruits_vox10_nor_i01j03k00,2097152,3250,1.0855384615384616,0.5071542130365659
fruits_vox10_nor_i01j03k01,2097152,9235,0.705143475906876,0.4977379921070363
fruits_vox10_nor_i01j03k02,2097152,2331,1.2526812526812527,0.5062205062205062
fruits_vox10_nor_i01j03k03,2097152,3477,0.9893586425079092,0.5127066370589687
fruits_vox10_nor_i01j03k04,2097152,9199,0.7687792151320796,0.5237525818023698
fruits_vox10_nor_i01j03k05,2097152,6618,0.6829857963130855,0.508763977032336
fruits_vox10_nor_i02j00k00,2097152,220,8.0,0.5796610169491525
fruits_vox10_nor_i02j00k01,2097152,10259,0.953699190954284,0.5391363680670631
fruits_vox10_nor_i02j00k02,2097152,10585,0.7981105337742088,0.516769012753897
fruits_vox10_nor_i02j00k03,2097152,5809,0.9516267860216905,0.5104378080603074
fruits_vox10_nor_i02j00k04,2097152,14579,0.7578023184031827,0.5211462014134276
fruits_vox10_nor_i02j00k05,2097152,10786,0.9671796773595401,0.5291589477584291
fruits_vox10_nor_i02j01k00,2097152,14468,0.7426043682609897,0.5105203552482566
fruits_vox10_nor_i02j01k01,2097152,13630,0.7242846661775495,0.51532184950136
fruits_vox10_nor_i02j01k02,2097152,2715,1.258195211786372,0.5181457761512657
fruits_vox10_nor_i02j01k03,2097152,6383,1.1831427228575904,0.5291129831516352
fruits_vox10_nor_i02j01k04,2097152,6542,0.8572302048303271,0.5218280216476248
fruits_vox10_nor_i02j01k05,2097152,16911,0.8065756016793802,0.5120801706603165
fruits_vox10_nor_i02j01k06,2097152,7912,0.9140546006066734,0.5109075043630017
fruits_vox10_nor_i02j02k00,2097152,16274,0.6916554012535332,0.51223249669749
fruits_vox10_nor_i02j02k01,2097152,5651,0.928685188462219,0.5317250034862642
fruits_vox10_nor_i02j02k02,2097152,16696,0.7862961188308577,0.5182193928452659
fruits_vox10_nor_i02j02k03,2097152,12491,0.8748699063325595,0.5410025550553595
fruits_vox10_nor_i02j02k04,2097152,14236,0.814273672379882,0.5279863104438066
fruits_vox10_nor_i02j02k05,2097152,8710,0.7412169919632606,0.5022265246853824
fruits_vox10_nor_i02j02k06,2097152,9258,0.8312810542233744,0.5056736311239193
fruits_vox10_nor_i02j03k00,2097152,7227,0.6962778469627785,0.5090993392836444
fruits_vox10_nor_i02j03k01,2097152,8074,0.8570720832301214,0.5240235740685246
fruits_vox10_nor_i02j03k02,2097152,8094,0.7818136891524586,0.5153260645957621
fruits_vox10_nor_i02j03k03,2097152,788,2.568527918781726,0.5259179265658748
fruits_vox10_nor_i02j03k04,2097152,6405,0.731928181108509,0.5218617771509168
fruits_vox10_nor_i02j03k05,2097152,3497,1.0157277666571347,0.5181501740427648
fruits_vox10_nor_i02j04k01,2097152,656,3.182926829268293,0.5507389162561577
fruits_vox10_nor_i02j04k02,2097152,32,51.75,0.5416666666666666
fruits_vox10_nor_i03j00k00,2097152,1964,1.7026476578411405,0.5068550062318239
fruits_vox10_nor_i03j00k01,2097152,11513,0.9095804742465039,0.5240767045454545
fruits_vox10_nor_i03j00k02,2097152,621,3.6586151368760063,0.5272496831432193
fruits_vox10_nor_i03j00k04,2097152,6006,0.9324009324009324,0.5019422863485017
fruits_vox10_nor_i03j00k05,2097152,10867,0.948927946995491,0.5359778597785978
fruits_vox10_nor_i03j01k00,2097152,19713,0.7446862476538325,0.5186881188118811
fruits_vox10_nor_i03j01k01,2097152,7360,0.775,0.5195936139332366
fruits_vox10_nor_i03j01k02,2097152,360,5.222222222222222,0.5321100917431193
fruits_vox10_nor_i03j01k03,2097152,6490,1.136517719568567,0.5270011947431302
fruits_vox10_nor_i03j01k04,2097152,442,4.705882352941177,0.5480607082630692
fruits_vox10_nor_i03j01k05,2097152,12640,0.8075949367088607,0.5238394371505748
fruits_vox10_nor_i03j01k06,2097152,10309,0.8637113202056456,0.5170163555261854
fruits_vox10_nor_i03j02k00,2097152,15947,0.746974352542798,0.5187531677648252
fruits_vox10_nor_i03j02k01,2097152,6349,0.9173098125689085,0.523511755877939
fruits_vox10_nor_i03j02k02,2097152,4047,1.06548060291574,0.5194642109669317
fruits_vox10_nor_i03j02k03,2097152,12277,0.797588987537672,0.5128378836122214
fruits_vox10_nor_i03j02k04,2097152,14891,0.8112282586797395,0.5276727578239866
fruits_vox10_nor_i03j02k05,2097152,24795,0.7856422665860052,0.5207146058782096
fruits_vox10_nor_i03j02k06,2097152,8897,0.7993705743509048,0.5258775071633238
fruits_vox10_nor_i03j03k00,2097152,463,4.077753779697624,0.5287958115183246
fruits_vox10_nor_i03j03k01,2097152,12918,0.7053723486607834,0.506327462491846
fruits_vox10_nor_i03j03k02,2097152,11549,0.8111524807342627,0.5079376585719464
fruits_vox10_nor_i03j03k03,2097152,1673,1.5636580992229527,0.5370843989769821
fruits_vox10_nor_i03j03k04,2097152,5247,0.8324757004002287,0.513921661160925
fruits_vox10_nor_i03j03k05,2097152,4813,0.9707043424059838,0.5114422565194252
fruits_vox10_nor_i03j04k02,2097152,1698,1.8845700824499412,0.5419847328244275
fruits_vox10_nor_i04j00k00,2097152,2058,1.4965986394557824,0.5198079231692677
fruits_vox10_nor_i04j00k01,2097152,9882,0.7213114754098361,0.517060148494202
fruits_vox10_nor_i04j00k02,2097152,868,2.847926267281106,0.5154349859681946
fruits_vox10_nor_i04j00k03,2097152,7247,0.9228646336415068,0.5195450530035336
fruits_vox10_nor_i04j00k04,2097152,9771,0.8498618360454406,0.521717629605209
fruits_vox10_nor_i04j00k05,2097152,8228,0.8040836169178415,0.5192532088681447
fruits_vox10_nor_i04j01k00,2097152,10505,0.6990956687291766,0.514162077104642
fruits_vox10_nor_i04j01k03,2097152,5896,0.8765264586160109,0.5175363558597091
fruits_vox10_nor_i04j01k04,2097152,13561,0.7728043654597744,0.5128677826119018
fruits_vox10_nor_i04j01k05,2097152,4631,1.100410278557547,0.5216267447871791
fruits_vox10_nor_i04j01k06,2097152,12161,0.7907244470027136,0.5163068442811208
fruits_vox10_nor_i04j02k00,2097152,18319,0.69217752060702,0.517206830458268
fruits_vox10_nor_i04j02k01,2097152,8,203.0,0.5454545454545454
fruits_vox10_nor_i04j02k03,2097152,12263,0.7834950664600832,0.5177592060590233
fruits_vox10_nor_i04j02k04,2097152,973,2.2610483042137717,0.48881239242685026
fruits_vox10_nor_i04j02k05,2097152,10582,0.8935928935928936,0.525408068986757
fruits_vox10_nor_i04j02k06,2097152,16768,0.8039122137404581,0.5147900763358778
fruits_vox10_nor_i04j03k00,2097152,1127,2.2218278615794143,0.5050143266475645
fruits_vox10_nor_i04j03k01,2097152,8905,0.6944413250982594,0.514260169870362
fruits_vox10_nor_i04j03k02,2097152,9624,0.7315045719035744,0.5278282150469724
fruits_vox10_nor_i04j03k03,2097152,8084,0.6927263730826324,0.5067658299762421
fruits_vox10_nor_i04j03k04,2097152,9249,0.7109957833279273,0.5197860962566845
fruits_vox10_nor_i04j03k05,2097152,7057,0.714184497661896,0.5190135976031344
fruits_vox10_nor_i04j03k06,2097152,1477,2.134055517941774,0.5568065506653019
fruits_vox10_nor_i05j00k00,2097152,321,5.781931464174455,0.5149253731343284
fruits_vox10_nor_i05j00k01,2097152,10386,0.787213556710957,0.5182692307692308
fruits_vox10_nor_i05j00k02,2097152,10543,0.8490941857156407,0.5265327537100885
fruits_vox10_nor_i05j00k03,2097152,8862,0.942450914014895,0.5179577139691626
fruits_vox10_nor_i05j00k04,2097152,11152,0.7309899569583931,0.5289763113367174
fruits_vox10_nor_i05j00k05,2097152,6906,0.7471763683753258,0.5078944044461285
fruits_vox10_nor_i05j01k00,2097152,11796,0.7405900305188199,0.5164653436870865
fruits_vox10_nor_i05j01k01,2097152,10454,0.7981633824373445,0.5157689305230289
fruits_vox10_nor_i05j01k02,2097152,2091,1.6030607364897178,0.5279770444763271
fruits_vox10_nor_i05j01k03,2097152,12234,1.0161844041196666,0.5400049541738915
fruits_vox10_nor_i05j01k04,2097152,9337,1.100996037271072,0.5292548461675263
fruits_vox10_nor_i05j01k05,2097152,3854,1.0420342501297353,0.4958484691229891
fruits_vox10_nor_i05j01k06,2097152,6037,0.7354646347523605,0.4976126529394211
fruits_vox10_nor_i05j02k00,2097152,14161,0.7677423910740767,0.5205661467359908
fruits_vox10_nor_i05j02k01,2097152,9294,0.7505917796427803,0.5122504537205081
fruits_vox10_nor_i05j02k02,2097152,7469,0.7840407015664748,0.50823295391756
fruits_vox10_nor_i05j02k03,2097152,8009,0.7931077537770008,0.5032334554860961
fruits_vox10_nor_i05j02k04,2097152,15643,0.7568880649491786,0.5210663775686197
fruits_vox10_nor_i05j02k05,2097152,10181,0.9209311462528239,0.5222514131040522
fruits_vox10_nor_i05j02k06,2097152,11461,0.8397173021551348,0.5278594428111438
fruits_vox10_nor_i05j03k01,2097152,4898,0.9015924867292773,0.5034083162917519
fruits_vox10_nor_i05j03k02,2097152,6425,0.7707392996108949,0.5031991468941616
fruits_vox10_nor_i05j03k03,2097152,965,2.329533678756477,0.5344234079173839
fruits_vox10_nor_i05j03k04,2097152,6594,0.9123445556566576,0.5123417316792429
fruits_vox10_nor_i05j03k05,2097152,8032,0.8555776892430279,0.512955067235159
fruits_vox10_nor_i05j03k06,2097152,3111,1.4349083895853423,0.5300546448087432
fruits_vox10_nor_i06j00k01,2097152,3032,1.2031662269129288,0.521692266235516
fruits_vox10_nor_i06j00k02,2097152,11927,0.8323970822503564,0.5228015246392594
fruits_vox10_nor_i06j00k03,2097152,9376,0.7619453924914675,0.5269837883959044
fruits_vox10_nor_i06j00k04,2097152,7419,0.76452352069012,0.512708357961934
fruits_vox10_nor_i06j00k05,2097152,1170,1.935042735042735,0.4966190833959429
fruits_vox10_nor_i06j01k00,2097152,1343,1.8942665673864483,0.5142326732673267
fruits_vox10_nor_i06j01k01,2097152,20998,0.7692161158205544,0.5091356847791547
fruits_vox10_nor_i06j01k02,2097152,10209,0.866686257224018,0.5298783305097797
fruits_vox10_nor_i06j01k03,2097152,2055,1.8452554744525547,0.5798410404624278
fruits_vox10_nor_i06j01k04,2097152,5977,0.9797557302994814,0.5120920745920746
fruits_vox10_nor_i06j01k05,2097152,17377,0.7610059273752662,0.5013830910828346
fruits_vox10_nor_i06j01k06,2097152,444,4.2342342342342345,0.5144404332129964
fruits_vox10_nor_i06j02k00,2097152,5912,0.9905277401894452,0.5088385682980278
fruits_vox10_nor_i06j02k01,2097152,9555,0.905075876504448,0.5131967355443653
fruits_vox10_nor_i06j02k02,2097152,11826,0.9179773380686622,0.5271448854032857
fruits_vox10_nor_i06j02k03,2097152,17559,0.8364941055868785,0.5325188804975567
fruits_vox10_nor_i06j02k04,2097152,13822,0.9167993054550716,0.5264324892052749
fruits_vox10_nor_i06j02k05,2097152,18985,0.8158019489070318,0.5140982218458933
fruits_vox10_nor_i06j02k06,2097152,4943,0.9694517499494234,0.5273132664437012
fruits_vox10_nor_i06j03k02,2097152,1734,1.5686274509803921,0.5105
fruits_vox10_nor_i06j03k03,2097152,9727,0.8084712655495014,0.5078286304198211
fruits_vox10_nor_i06j03k04,2097152,9748,0.9002872384078785,0.515972894482091
fruits_vox10_nor_i06j03k05,2097152,5815,0.9974204643164231,0.5119518486672399
fruits_vox10_nor_i07j00k02,2097152,18,92.0,0.6285714285714286
fruits_vox10_nor_i07j00k03,2097152,429,4.68065268065268,0.4793233082706767
fruits_vox10_nor_i07j01k01,2097152,999,2.21021021021021,0.5324980422866092
fruits_vox10_nor_i07j01k02,2097152,10805,0.8077741786210088,0.5114646700982686
fruits_vox10_nor_i07j01k03,2097152,11233,0.8382444582925309,0.49565473560170864
fruits_vox10_nor_i07j01k04,2097152,12699,0.8586502874242067,0.5063840819236503
fruits_vox10_nor_i07j01k05,2097152,928,2.6120689655172415,0.5137046861184792
fruits_vox10_nor_i07j02k01,2097152,7159,0.9096242491968152,0.5114742698191933
fruits_vox10_nor_i07j02k02,2097152,16545,0.800725294650952,0.5083263946711074
fruits_vox10_nor_i07j02k03,2097152,19562,0.7635211123606993,0.5146017513721876
fruits_vox10_nor_i07j02k04,2097152,13716,0.8043161271507728,0.5072518365040497
fruits_vox10_nor_i07j02k05,2097152,5997,1.0418542604635652,0.5189891490576813
fruits_vox10_nor_i07j03k03,2097152,438,4.5479452054794525,0.5427286356821589
ipanemaCut_vox10_nor_i00j03k01,2097152,12634,0.6471426309957258,0.35333227798005384
ipanemaCut_vox10_nor_i00j03k02,2097152,1504,2.5425531914893615,0.6957713390759592
ipanemaCut_vox10_nor_i00j04k01,2097152,39908,0.5733186328555678,0.41376211689578035
ipanemaCut_vox10_nor_i00j04k02,2097152,4381,1.2928555124400822,0.41986380999833917
ipanemaCut_vox10_nor_i00j05k01,2097152,16166,0.5359396263763454,0.24597713905226945
ipanemaCut_vox10_nor_i00j05k02,2097152,4509,1.0343756930583279,0.42253055830855635
ipanemaCut_vox10_nor_i01j01k01,2097152,14188,0.926980546941077,0.5466712591644934
ipanemaCut_vox10_nor_i01j02k01,2097152,62017,0.5189544802231646,0.3036264250124966
ipanemaCut_vox10_nor_i01j03k01,2097152,80844,0.5542526347038741,0.3138852912994493
ipanemaCut_vox10_nor_i01j03k02,2097152,67,27.70149253731343,0.8059701492537313
ipanemaCut_vox10_nor_i01j04k00,2097152,33,51.878787878787875,0.8181818181818182
ipanemaCut_vox10_nor_i01j04k01,2097152,51807,0.5412396008261432,0.17202308568340186
ipanemaCut_vox10_nor_i01j05k01,2097152,34070,0.4315820369826827,0.10780430984274898
ipanemaCut_vox10_nor_i01j06k01,2097152,3066,0.9001956947162426,0.09784735812133072
ipanemaCut_vox10_nor_i02j00k00,2097152,328,5.951219512195122,0.42378048780487804
ipanemaCut_vox10_nor_i02j00k01,2097152,44646,0.6904089952067375,0.38266761121101484
ipanemaCut_vox10_nor_i02j01k00,2097152,3796,1.2054794520547945,0.4473738414006179
ipanemaCut_vox10_nor_i02j01k01,2097152,82237,0.64321412502888,0.4056791636349711
ipanemaCut_vox10_nor_i02j02k00,2097152,630,3.3142857142857145,0.301143583227446
ipanemaCut_vox10_nor_i02j02k01,2097152,52268,0.6440652024183057,0.24422945205479452
ipanemaCut_vox10_nor_i02j02k02,2097152,10601,0.7154042071502689,0.14682723483094026
ipanemaCut_vox10_nor_i02j03k00,2097152,35,47.31428571428572,0.859375
ipanemaCut_vox10_nor_i02j03k01,2097152,55564,0.5779281549204521,0.18860569715142428
ipanemaCut_vox10_nor_i02j03k02,2097152,14105,0.6204891882311238,0.14897888542748355
ipanemaCut_vox10_nor_i02j04k01,2097152,51908,0.5101333127841566,0.14923411923712268
ipanemaCut_vox10_nor_i02j04k02,2097152,31709,0.5820429531047967,0.2273099175968675
ipanemaCut_vox10_nor_i02j04k03,2097152,462,4.190476190476191,0.22884615384615384
ipanemaCut_vox10_nor_i02j05k01,2097152,37546,0.6289884408458957,0.21650355208902577
ipanemaCut_vox10_nor_i02j05k02,2097152,52276,0.5864258933353738,0.26099931134746346
ipanemaCut_vox10_nor_i02j05k03,2097152,4129,1.0055703560184064,0.18818115766529425
ipanemaCut_vox10_nor_i02j06k01,2097152,16750,0.39164179104477614,0.06034740046558825
ipanemaCut_vox10_nor_i03j00k00,2097152,19774,0.53565287751593,0.1908622305529522
ipanemaCut_vox10_nor_i03j00k01,2097152,28750,0.6834086956521739,0.4103568080295594
ipanemaCut_vox10_nor_i03j01k00,2097152,33206,0.5986869842799494,0.20872673688806417
ipanemaCut_vox10_nor_i03j01k01,2097152,15609,0.6888333653661349,0.2738867631564354
ipanemaCut_vox10_nor_i03j02k00,2097152,25116,0.6290810638636726,0.22443530345673668
ipanemaCut_vox10_nor_i03j02k01,2097152,46548,0.59998281343989,0.23631184522443985
ipanemaCut_vox10_nor_i03j03k00,2097152,10288,0.5653188180404355,0.10381026438569207
ipanemaCut_vox10_nor_i03j03k01,2097152,15343,0.471876425731604,0.08471087669646878
ipanemaCut_vox10_nor_i03j04k01,2097152,35250,0.48022695035460994,0.10415501621742534
ipanemaCut_vox10_nor_i03j04k02,2097152,10686,0.720943290286356,0.21796902499120027
ipanemaCut_vox10_nor_i03j04k03,2097152,255,7.152941176470589,0.16731517509727625
ipanemaCut_vox10_nor_i03j05k01,2097152,37007,0.45223876563893317,0.10295349528467587
ipanemaCut_vox10_nor_i03j05k02,2097152,16074,0.5957446808510638,0.18396167724275228
ipanemaCut_vox10_nor_i03j05k03,2097152,18,92.88888888888889,0.3333333333333333
ipanemaCut_vox10_nor_i03j06k01,2097152,28761,0.43280831681791315,0.10205741788970613
ipanemaCut_vox10_nor_i03j07k01,2097152,4884,0.7272727272727273,0.09602784602784603
ipanemaCut_vox10_nor_i04j00k00,2097152,4110,0.8311435523114356,0.109375
ipanemaCut_vox10_nor_i04j01k00,2097152,30353,0.4195960860540968,0.1077323493559121
ipanemaCut_vox10_nor_i04j02k00,2097152,35926,0.548683404776485,0.19952123810054
ipanemaCut_vox10_nor_i04j02k01,2097152,17228,0.6129556535871836,0.2045507313675412
ipanemaCut_vox10_nor_i04j03k00,2097152,32320,0.4430693069306931,0.09953589108910892
ipanemaCut_vox10_nor_i04j03k01,2097152,6208,0.8234536082474226,0.19255398361876397
ipanemaCut_vox10_nor_i04j04k00,2097152,7966,0.6648255084107456,0.11318694650006066
ipanemaCut_vox10_nor_i04j04k01,2097152,25313,0.45826255283846246,0.10038353162179085
ipanemaCut_vox10_nor_i04j05k01,2097152,44060,0.546890603722197,0.2078782672720579
ipanemaCut_vox10_nor_i04j06k01,2097152,42621,0.5251871143333099,0.19836616803897056
ipanemaCut_vox10_nor_i04j06k02,2097152,1195,1.9213389121338913,0.15481171548117154
ipanemaCut_vox10_nor_i04j07k01,2097152,22098,0.5053851027242284,0.14129970072680634
ipanemaCut_vox10_nor_i04j07k02,2097152,2,808.0,0.5
ipanemaCut_vox10_nor_i05j01k00,2097152,17558,0.4337623875156624,0.08560200478414398
ipanemaCut_vox10_nor_i05j02k00,2097152,40276,0.44473135365974775,0.13069818254047075
ipanemaCut_vox10_nor_i05j03k00,2097152,41077,0.4707257102514789,0.12033363605946179
ipanemaCut_vox10_nor_i05j03k01,2097152,4889,1.0554305583964,0.566535654126895
ipanemaCut_vox10_nor_i05j04k00,2097152,29363,0.4345605013111739,0.16261808367071526
ipanemaCut_vox10_nor_i05j04k01,2097152,35039,0.6422557721396158,0.4348951033873089
ipanemaCut_vox10_nor_i05j04k02,2097152,3161,1.0098070230939575,0.3478865406006674
ipanemaCut_vox10_nor_i05j05k00,2097152,440,4.072727272727272,0.13228699551569506
ipanemaCut_vox10_nor_i05j05k01,2097152,34980,0.453516295025729,0.1586412941081474
ipanemaCut_vox10_nor_i05j06k00,2097152,20,86.8,0.8974358974358975
ipanemaCut_vox10_nor_i05j06k01,2097152,35996,0.47183020335592846,0.1983618140423416
ipanemaCut_vox10_nor_i05j07k01,2097152,12314,0.6048400194900113,0.2697742407016404
ipanemaCut_vox10_nor_i06j01k00,2097152,1849,1.3196322336398052,0.09105603448275862
ipanemaCut_vox10_nor_i06j02k00,2097152,32084,0.5959356688692183,0.30311322215912023
ipanemaCut_vox10_nor_i06j02k01,2097152,22485,0.7589059372915277,0.44093251868792027
ipanemaCut_vox10_nor_i06j03k00,2097152,31787,0.728348066819769,0.4070766227428014
ipanemaCut_vox10_nor_i06j03k01,2097152,46287,0.7825955451854733,0.4458200299732847
ipanemaCut_vox10_nor_i06j03k02,2097152,12824,0.5982532751091703,0.2707805015497323
ipanemaCut_vox10_nor_i06j04k00,2097152,11287,0.9759900770798263,0.5200242350802787
ipanemaCut_vox10_nor_i06j04k01,2097152,43667,0.8196578652071358,0.5125359703651886
ipanemaCut_vox10_nor_i06j04k02,2097152,43295,0.4940986257073565,0.27758764607679465
ipanemaCut_vox10_nor_i06j05k00,2097152,4732,1.0414201183431953,0.4505425381349269
ipanemaCut_vox10_nor_i06j05k01,2097152,30720,0.7721354166666666,0.5083984375
ipanemaCut_vox10_nor_i06j05k02,2097152,2306,1.1795316565481353,0.30011632415664985
ipanemaCut_vox10_nor_i06j06k01,2097152,399,4.87218045112782,0.4396039603960396
ipanemaCut_vox10_nor_i07j02k00,2097152,5778,1.3817930079612322,0.6067843544479059
ipanemaCut_vox10_nor_i07j02k01,2097152,12616,0.8408370323398858,0.4481194481194481
ipanemaCut_vox10_nor_i07j03k00,2097152,21482,0.9652732520249511,0.49201277955271566
ipanemaCut_vox10_nor_i07j03k01,2097152,5139,1.0009729519361743,0.35349685117666557
ipanemaCut_vox10_nor_i07j04k00,2097152,1564,1.8465473145780051,0.3777056277056277
ipanemaCut_vox10_nor_i07j04k01,2097152,960,2.7416666666666667,0.4708333333333333
longdress_vox10_nor_i00j01k01,2097152,2317,1.0047475183426846,0.0660336642209754
longdress_vox10_nor_i00j01k02,2097152,11413,0.5789888723385613,0.06469403834369256
longdress_vox10_nor_i00j02k01,2097152,5862,0.6700784715114295,0.05907388491658155
longdress_vox10_nor_i00j02k02,2097152,23427,0.5429632475348957,0.06589064956030417
longdress_vox10_nor_i00j03k01,2097152,5407,0.6110597373774737,0.06232661364897355
longdress_vox10_nor_i00j03k02,2097152,23359,0.432895243803245,0.05727984930861767
longdress_vox10_nor_i00j04k01,2097152,15190,0.42343647136273865,0.06096115865701119
longdress_vox10_nor_i00j04k02,2097152,23313,0.4032085102732381,0.05833655042251105
longdress_vox10_nor_i00j05k01,2097152,35139,0.39614103987022964,0.058133910024756
longdress_vox10_nor_i00j05k02,2097152,8921,0.5470238762470575,0.05838843438305503
longdress_vox10_nor_i00j06k01,2097152,3042,0.8678500986193294,0.060486522024983565
longdress_vox10_nor_i00j06k02,2097152,2673,0.9637111859334082,0.06457633445315417
longdress_vox10_nor_i01j00k01,2097152,2328,1.1821305841924399,0.08578745198463508
longdress_vox10_nor_i01j00k02,2097152,26803,0.46233630563742867,0.06706502375296912
longdress_vox10_nor_i01j01k01,2097152,25290,0.4659549228944247,0.066429418742586
longdress_vox10_nor_i01j01k02,2097152,37722,0.46996447696304544,0.06600922538571656
longdress_vox10_nor_i01j02k01,2097152,24072,0.42339647723496177,0.06512744124462098
longdress_vox10_nor_i01j02k02,2097152,34086,0.4454614797864226,0.06653758141172329
longdress_vox10_nor_i01j03k01,2097152,25923,0.3814373336419396,0.06268564595147166
longdress_vox10_nor_i01j03k02,2097152,28031,0.4680532267846313,0.06360814812172239
longdress_vox10_nor_i01j04k01,2097152,31584,0.39918946301925023,0.06702760891590678
longdress_vox10_nor_i01j04k02,2097152,23833,0.4608735786514497,0.061230472839971524
longdress_vox10_nor_i01j05k01,2097152,23816,0.3950285522337924,0.051394020826335235
longdress_vox10_nor_i01j05k02,2097152,32490,0.412927054478301,0.0604179471419791
longdress_vox10_nor_i01j06k01,2097152,19110,0.5232862375719518,0.10964379680226674
longdress_vox10_nor_i01j06k02,2097152,31940,0.3857232310582342,0.061050786995024565
longdress_vox10_nor_i01j07k01,2097152,7946,0.784293984394664,0.1594879157693228
longdress_vox10_nor_i01j07k02,2097152,33597,0.4214662023394946,0.06474948117402905
longdress_vox10_nor_i02j00k01,2097152,22982,0.44243320859803326,0.0607401622630049
longdress_vox10_nor_i02j00k02,2097152,6196,0.7604906391220142,0.09635248547449968
longdress_vox10_nor_i02j01k01,2097152,20660,0.3841239109390126,0.05677637947725073
longdress_vox10_nor_i02j01k02,2097152,31073,0.4716635020757571,0.06742187751424066
longdress_vox10_nor_i02j02k01,2097152,10814,0.4712409839097466,0.06056963195857222
longdress_vox10_nor_i02j02k02,2097152,36566,0.46381884811026636,0.06588087294207734
longdress_vox10_nor_i02j03k01,2097152,6489,0.7175219602404068,0.07211093990755008
longdress_vox10_nor_i02j03k02,2097152,33489,0.5319955806384186,0.07581593956224432
longdress_vox10_nor_i02j04k01,2097152,8799,0.49551085350608026,0.06551997284146203
longdress_vox10_nor_i02j04k02,2097152,35040,0.47100456621004566,0.06348255299723245
longdress_vox10_nor_i02j05k01,2097152,16982,0.33824048993051464,0.0528078007518797
longdress_vox10_nor_i02j05k02,2097152,31835,0.4050887388094864,0.06321551454488583
longdress_vox10_nor_i02j06k01,2097152,6230,0.5624398073836276,0.05790824510747514
longdress_vox10_nor_i02j06k02,2097152,10895,0.5169343735658559,0.09490592014685635
longdress_vox10_nor_i02j07k02,2097152,87,19.49425287356322,0.3838383838383838
longdress_vox10_nor_i03j00k01,2097152,2009,1.2623195619711298,0.06666666666666667
longdress_vox10_nor_i03j04k02,2097152,171,10.24561403508772,0.11046511627906977
longdress_vox10_nor_i03j05k02,2097152,9015,0.5448696616749862,0.06471954862263525
mitch_vox10_nor_i00j05k02,2097152,18559,0.5026132873538445,0.09366302718903875
mitch_vox10_nor_i00j05k03,2097152,27379,0.5177690931005515,0.07790642463201725
mitch_vox10_nor_i00j05k04,2097152,413,4.823244552058111,0.12085308056872038
mitch_vox10_nor_i01j00k01,2097152,11265,0.5638703950288504,0.09400798934753662
mitch_vox10_nor_i01j00k02,2097152,31460,0.4862047043865226,0.15375064965063232
mitch_vox10_nor_i01j00k03,2097152,1098,1.8797814207650274,0.07650273224043716
mitch_vox10_nor_i01j01k01,2097152,376,4.659574468085107,0.06896551724137931
mitch_vox10_nor_i01j01k02,2097152,25177,0.4527942169440362,0.09582903814130521
mitch_vox10_nor_i01j02k01,2097152,526,3.467680608365019,0.0946969696969697
mitch_vox10_nor_i01j02k02,2097152,17231,0.5190644768150426,0.09983245710324108
mitch_vox10_nor_i01j03k00,2097152,870,2.2896551724137932,0.11494252873563218
mitch_vox10_nor_i01j03k01,2097152,16164,0.48799802029200695,0.09542314335060449
mitch_vox10_nor_i01j03k02,2097152,11874,0.5538150581101566,0.13321014614480095
mitch_vox10_nor_i01j04k00,2097152,8596,0.6198231735691019,0.10970218706375058
mitch_vox10_nor_i01j04k01,2097152,22087,0.47195182686648257,0.09004547296384674
mitch_vox10_nor_i01j04k02,2097152,2406,1.090606816292602,0.11567164179104478
mitch_vox10_nor_i01j05k00,2097152,1623,1.478743068391867,0.20790273556231004
mitch_vox10_nor_i01j05k01,2097152,10811,0.5712700027749514,0.1174729442234761
mitch_vox10_nor_i01j05k02,2097152,28286,0.45365198331329987,0.09223300970873786
mitch_vox10_nor_i01j06k01,2097152,3207,0.9354536950420954,0.1286730590782555
mitch_vox10_nor_i01j06k02,2097152,13791,0.5174389094336886,0.09236426562837984
mitch_vox10_nor_i02j00k00,2097152,22481,0.4921489257595303,0.08558338152217428
mitch_vox10_nor_i02j00k01,2097152,20274,0.4865344776561113,0.08404853506954721
mitch_vox10_nor_i02j00k02,2097152,3564,0.8843995510662177,0.09131527506283162
mitch_vox10_nor_i02j00k03,2097152,760,2.4947368421052634,0.08157894736842106
mitch_vox10_nor_i02j01k00,2097152,1402,1.5463623395149786,0.10007097232079488
mitch_vox10_nor_i02j01k01,2097152,15447,0.5153104162620573,0.09568200945167346
mitch_vox10_nor_i02j01k02,2097152,8358,0.5867432400095717,0.08782816229116945
mitch_vox10_nor_i02j02k01,2097152,5386,0.6847382101745265,0.11084514822316333
mitch_vox10_nor_i02j02k02,2097152,27514,0.4474812822563059,0.0928785851206192
mitch_vox10_nor_i02j02k03,2097152,2024,1.1897233201581028,0.07855731225296443
mitch_vox10_nor_i02j03k00,2097152,13502,0.5160716930825063,0.09902236705673234
mitch_vox10_nor_i02j03k01,2097152,27393,0.4967692476180046,0.12475773454884789
mitch_vox10_nor_i02j03k02,2097152,20598,0.47227886202543934,0.09702577019957373
mitch_vox10_nor_i02j04k00,2097152,20474,0.5067890983686627,0.10382672882672883
mitch_vox10_nor_i02j04k01,2097152,22864,0.5500349895031491,0.09071028691392582
mitch_vox10_nor_i02j04k02,2097152,5579,0.7026348808030113,0.09706828745084019
mitch_vox10_nor_i02j05k00,2097152,17906,0.4910086004691165,0.11614272153665754
mitch_vox10_nor_i02j05k01,2097152,16957,0.5024473668691396,0.08952055198443121
mitch_vox10_nor_i02j05k02,2097152,19494,0.4850723299476762,0.08976257339800868
mitch_vox10_nor_i02j06k00,2097152,1767,1.3582342954159592,0.15966386554621848
mitch_vox10_nor_i02j06k01,2097152,27559,0.4685220799013027,0.10718821437642875
mitch_vox10_nor_i02j06k02,2097152,20402,0.45289677482599744,0.09626979069653448
mitch_vox10_nor_i03j00k00,2097152,721,2.7295423023578365,0.10263522884882108
mitch_vox10_nor_i03j00k01,2097152,11428,0.5334266713335667,0.0808540427021351
mitch_vox10_nor_i03j01k01,2097152,24747,0.4807047318866933,0.11076102762966554
mitch_vox10_nor_i03j02k01,2097152,36954,0.44812469556746226,0.0979463730079277
mitch_vox10_nor_i03j02k02,2097152,8826,0.5365964196691593,0.07833163784333673
mitch_vox10_nor_i03j03k00,2097152,6923,0.6274736385959844,0.09230102556695075
mitch_vox10_nor_i03j03k01,2097152,28256,0.4603624009060023,0.11870313655085014
mitch_vox10_nor_i03j03k02,2097152,273,6.3003663003663,0.07692307692307693
mitch_vox10_nor_i03j04k00,2097152,14919,0.5287217641933105,0.09270058314900463
mitch_vox10_nor_i03j04k01,2097152,24035,0.5139172040773872,0.09195115873411414
mitch_vox10_nor_i03j05k00,2097152,22137,0.4958214753579979,0.10264707204170599
mitch_vox10_nor_i03j05k01,2097152,17665,0.5448061137843193,0.15833569204641948
mitch_vox10_nor_i03j05k02,2097152,6973,0.6573928008030977,0.16946285069787115
mitch_vox10_nor_i03j06k00,2097152,11997,0.5974827040093357,0.10686769944495071
mitch_vox10_nor_i03j06k01,2097152,25627,0.4592031841417255,0.10756910158224157
mitch_vox10_nor_i03j06k02,2097152,22696,0.4659851956291858,0.08966031773896252
mitch_vox10_nor_i03j07k01,2097152,9923,0.5393530182404515,0.08370176848874598
mitch_vox10_nor_i03j07k02,2097152,56693,0.4133138129927857,0.07050683942749503
mitch_vox10_nor_i04j04k00,2097152,19013,0.5137537474359649,0.07316046915268501
mitch_vox10_nor_i04j04k01,2097152,758,2.627968337730871,0.08047493403693931
mitch_vox10_nor_i04j05k00,2097152,42478,0.43617872781204386,0.07406186731955365
mitch_vox10_nor_i04j05k01,2097152,5936,0.6819407008086253,0.1088458298230834
mitch_vox10_nor_i04j06k00,2097152,9557,0.5717275295594852,0.08410921644523486
mitch_vox10_nor_i04j06k01,2097152,13294,0.5109071761697006,0.09683705591365613
mitch_vox10_nor_i04j07k02,2097152,1233,1.6155717761557178,0.055825242718446605
mitch_vox10_nor_i05j04k00,2097152,11008,0.6540697674418605,0.07848837209302326
mitch_vox10_nor_i05j04k01,2097152,1613,1.6416615003099815,0.09919404835709858
wooden_dragon_vox10_nor_i00j00k00,2097152,1026,2.4327485380116958,0.6001440922190202
wooden_dragon_vox10_nor_i00j00k01,2097152,5287,1.0531492339701154,0.5923087838796651
wooden_dragon_vox10_nor_i00j01k00,2097152,4381,1.0207715133531157,0.6110540976396422
wooden_dragon_vox10_nor_i00j01k01,2097152,9325,0.894798927613941,0.6097278964002159
wooden_dragon_vox10_nor_i00j02k00,2097152,2851,1.2542967379866714,0.6087059942911512
wooden_dragon_vox10_nor_i00j02k01,2097152,12535,0.9056242520941364,0.6058226054092358
wooden_dragon_vox10_nor_i00j03k00,2097152,97,17.896907216494846,0.7006802721088435
wooden_dragon_vox10_nor_i00j03k01,2097152,15056,0.820403825717322,0.5992184107685627
wooden_dragon_vox10_nor_i00j03k02,2097152,1382,2.031837916063676,0.6131774707757705
wooden_dragon_vox10_nor_i00j03k03,2097152,829,2.8950542822677927,0.6420068027210885
wooden_dragon_vox10_nor_i00j04k00,2097152,165,11.345454545454546,0.6442687747035574
wooden_dragon_vox10_nor_i00j04k01,2097152,13520,0.8195266272189349,0.5814349112426036
wooden_dragon_vox10_nor_i00j04k02,2097152,2944,1.358695652173913,0.6052989130434783
wooden_dragon_vox10_nor_i00j04k03,2097152,2703,1.4088050314465408,0.6163133887845452
wooden_dragon_vox10_nor_i00j05k01,2097152,11971,0.9148776209172166,0.599987795203515
wooden_dragon_vox10_nor_i00j05k02,2097152,3043,1.319750246467302,0.5847249508840865
wooden_dragon_vox10_nor_i00j06k01,2097152,10453,0.8931407251506744,0.6011576818467118
wooden_dragon_vox10_nor_i00j06k02,2097152,5260,1.1376425855513308,0.6013966082371384
wooden_dragon_vox10_nor_i00j07k01,2097152,3956,1.20525783619818,0.5964912280701754
wooden_dragon_vox10_nor_i00j07k02,2097152,9129,0.88684412312411,0.6054578725435595
wooden_dragon_vox10_nor_i00j07k03,2097152,617,3.358184764991896,0.5782227784730913
wooden_dragon_vox10_nor_i01j00k00,2097152,5449,0.9381537896861809,0.6068169618894257
wooden_dragon_vox10_nor_i01j00k01,2097152,5652,1.0304317055909413,0.62075378130424
wooden_dragon_vox10_nor_i01j00k02,2097152,63,26.285714285714285,0.6282051282051282
wooden_dragon_vox10_nor_i01j00k03,2097152,4624,1.0103806228373702,0.5998667333000166
wooden_dragon_vox10_nor_i01j00k04,2097152,7777,0.9258068664009258,0.6035647279549718
wooden_dragon_vox10_nor_i01j00k05,2097152,9384,1.0136402387041774,0.6113584876181548
wooden_dragon_vox10_nor_i01j00k06,2097152,3849,1.2408417770849571,0.6155199374511336
wooden_dragon_vox10_nor_i01j01k00,2097152,6401,0.8848617403530699,0.6005311670051554
wooden_dragon_vox10_nor_i01j01k01,2097152,8613,0.8796006037385348,0.6026591664535924
wooden_dragon_vox10_nor_i01j01k02,2097152,329,5.689969604863222,0.6038647342995169
wooden_dragon_vox10_nor_i01j01k03,2097152,5574,1.1108719052744886,0.6121828752642706
wooden_dragon_vox10_nor_i01j01k04,2097152,4974,1.236831523924407,0.6236206382344169
wooden_dragon_vox10_nor_i01j01k05,2097152,1716,1.8881118881118881,0.6107756618671621
wooden_dragon_vox10_nor_i01j01k06,2097152,9335,0.9581146223888591,0.6055707535438946
wooden_dragon_vox10_nor_i01j02k00,2097152,6050,0.9811570247933884,0.6150974215377436
wooden_dragon_vox10_nor_i01j02k01,2097152,7123,0.8737891337919416,0.6087613293051359
wooden_dragon_vox10_nor_i01j02k04,2097152,97,17.567010309278352,0.6288659793814433
wooden_dragon_vox10_nor_i01j02k05,2097152,3358,1.2983918999404407,0.6306842328941776
wooden_dragon_vox10_nor_i01j02k06,2097152,2029,1.7072449482503695,0.6117819246249543
wooden_dragon_vox10_nor_i01j03k00,2097152,7268,0.9532195927352779,0.6024908125765619
wooden_dragon_vox10_nor_i01j03k01,2097152,10337,0.8249975815033376,0.6093470002150384
wooden_dragon_vox10_nor_i01j03k02,2097152,845,2.7644970414201184,0.5794824399260629
wooden_dragon_vox10_nor_i01j03k03,2097152,5627,1.0989870268349031,0.6180378129790496
wooden_dragon_vox10_nor_i01j03k04,2097152,7254,0.931899641577061,0.607911172796669
wooden_dragon_vox10_nor_i01j03k05,2097152,8095,0.9852995676343422,0.6094632768361582
wooden_dragon_vox10_nor_i01j03k06,2097152,1875,1.7450666666666668,0.5901313171508158
wooden_dragon_vox10_nor_i01j04k00,2097152,2585,1.3988394584139265,0.6086956521739131
wooden_dragon_vox10_nor_i01j04k01,2097152,7184,0.9309576837416481,0.5903485254691689
wooden_dragon_vox10_nor_i01j04k02,2097152,13731,0.7743063141795936,0.6002645502645503
wooden_dragon_vox10_nor_i01j04k03,2097152,11753,0.8971326469837488,0.6068564934654965
wooden_dragon_vox10_nor_i01j04k04,2097152,8667,0.9295027114341756,0.6067674955139708
wooden_dragon_vox10_nor_i01j04k05,2097152,2161,1.5363257751041184,0.6121714079942384
wooden_dragon_vox10_nor_i01j05k01,2097152,4020,1.0706467661691543,0.57511059819196
wooden_dragon_vox10_nor_i01j05k02,2097152,12541,0.8012120245594451,0.6008756567425569
wooden_dragon_vox10_nor_i01j05k03,2097152,6235,1.0174819566960707,0.5817789620606522
wooden_dragon_vox10_nor_i01j05k04,2097152,559,3.677996422182469,0.6024691358024692
wooden_dragon_vox10_nor_i01j06k01,2097152,2722,1.351947097722263,0.5867290748898678
wooden_dragon_vox10_nor_i01j06k02,2097152,10586,0.8486680521443416,0.6019203413940256
wooden_dragon_vox10_nor_i01j07k01,2097152,73,22.794520547945204,0.6909090909090909
wooden_dragon_vox10_nor_i01j07k02,2097152,6463,0.9593068234565991,0.6099367013018034
wooden_dragon_vox10_nor_i01j07k03,2097152,2411,1.4865201161343842,0.6211283185840708
wooden_dragon_vox10_nor_i02j00k00,2097152,5423,0.9662548404941914,0.6105738233397808
wooden_dragon_vox10_nor_i02j00k01,2097152,7709,1.0408613309119212,0.6193897545955025
wooden_dragon_vox10_nor_i02j00k02,2097152,7855,0.8595798854232972,0.5858854860186418
wooden_dragon_vox10_nor_i02j00k03,2097152,3373,1.147939519715387,0.5832120329936924
wooden_dragon_vox10_nor_i02j00k04,2097152,31,53.935483870967744,0.7377049180327869
wooden_dragon_vox10_nor_i02j00k05,2097152,3582,1.2663316582914572,0.6110766687332093
wooden_dragon_vox10_nor_i02j00k06,2097152,5658,0.9006716154118063,0.5817506193228736
wooden_dragon_vox10_nor_i02j01k00,2097152,5750,0.9530434782608695,0.5865168539325842
wooden_dragon_vox10_nor_i02j01k01,2097152,8536,0.8462980318650422,0.5862654466559758
wooden_dragon_vox10_nor_i02j01k02,2097152,9447,0.7951730708161321,0.6023842917251052
wooden_dragon_vox10_nor_i02j01k03,2097152,7332,1.0540098199672667,0.6033977146324199
wooden_dragon_vox10_nor_i02j01k04,2097152,8074,1.04830319544216,0.6071968265961466
wooden_dragon_vox10_nor_i02j01k05,2097152,8150,0.9943558282208589,0.6049516580825879
wooden_dragon_vox10_nor_i02j01k06,2097152,11868,0.8621503201887428,0.6024762742756583
wooden_dragon_vox10_nor_i02j01k07,2097152,120,14.933333333333334,0.6270270270270271
wooden_dragon_vox10_nor_i02j02k00,2097152,56,30.428571428571427,0.7
wooden_dragon_vox10_nor_i02j02k01,2097152,61,27.278688524590162,0.6593406593406593
wooden_dragon_vox10_nor_i02j02k02,2097152,1026,2.3859649122807016,0.6342305037957212
wooden_dragon_vox10_nor_i02j02k03,2097152,2302,1.577758470894874,0.6208791208791209
wooden_dragon_vox10_nor_i02j02k04,2097152,8289,0.7962359753890699,0.6073608454040266
wooden_dragon_vox10_nor_i02j02k05,2097152,6241,0.9665117769588207,0.6072297147910679
wooden_dragon_vox10_nor_i02j02k06,2097152,9265,0.8539665407447382,0.5989478570323379
wooden_dragon_vox10_nor_i02j03k00,2097152,8892,0.9779577147998201,0.6145286917819107
wooden_dragon_vox10_nor_i02j03k01,2097152,2460,1.3495934959349594,0.6140350877192983
wooden_dragon_vox10_nor_i02j03k02,2097152,591,3.6277495769881556,0.6272965879265092
wooden_dragon_vox10_nor_i02j03k03,2097152,9453,0.7718184703268803,0.6072146408547551
wooden_dragon_vox10_nor_i02j03k04,2097152,2177,1.4037666513550757,0.5987678090103966
wooden_dragon_vox10_nor_i02j03k05,2097152,3280,1.2878048780487805,0.6082317073170732
wooden_dragon_vox10_nor_i02j03k06,2097152,6774,0.9400649542367877,0.599640933572711
wooden_dragon_vox10_nor_i02j04k00,2097152,12100,0.8191735537190082,0.6025285972305839
wooden_dragon_vox10_nor_i02j04k01,2097152,1850,1.4616216216216216,0.6308801213960546
wooden_dragon_vox10_nor_i02j04k02,2097152,4560,1.0859649122807018,0.6081525312294543
wooden_dragon_vox10_nor_i02j04k03,2097152,4915,1.1296032553407935,0.6024024914726382
wooden_dragon_vox10_nor_i02j04k04,2097152,2392,1.294314381270903,0.63662960795787
wooden_dragon_vox10_nor_i02j04k05,2097152,6623,0.9639136343046958,0.5904616826810405
wooden_dragon_vox10_nor_i02j05k00,2097152,3224,1.2109181141439207,0.6071090047393365
wooden_dragon_vox10_nor_i02j05k02,2097152,1978,1.5166835187057635,0.5920121334681496
wooden_dragon_vox10_nor_i02j05k03,2097152,9569,0.8285087260946807,0.607440863507617
wooden_dragon_vox10_nor_i02j05k04,2097152,9259,0.8787126039529107,0.5981059716678406
wooden_dragon_vox10_nor_i02j05k05,2097152,5041,0.9236262646300337,0.6147003062563804
wooden_dragon_vox10_nor_i02j05k06,2097152,7192,1.0467185761957731,0.6019
wooden_dragon_vox10_nor_i02j06k03,2097152,1222,2.049099836333879,0.6079436258808456
wooden_dragon_vox10_nor_i02j06k04,2097152,8846,0.9405380963147185,0.5992227760412266
wooden_dragon_vox10_nor_i02j06k05,2097152,11275,0.9543237250554324,0.610801251530404
wooden_dragon_vox10_nor_i02j06k06,2097152,10884,1.0393237780227857,0.6126313059265983
wooden_dragon_vox10_nor_i02j07k03,2097152,1582,1.97724399494311,0.6157869709938184
wooden_dragon_vox10_nor_i02j07k04,2097152,6611,1.1024050824383602,0.6085724004989228
wooden_dragon_vox10_nor_i02j07k05,2097152,7049,1.0305007802525181,0.6045857217300677
wooden_dragon_vox10_nor_i02j07k06,2097152,8192,0.9921875,0.6029939046253138
wooden_dragon_vox10_nor_i03j00k00,2097152,7080,0.8824858757062147,0.6011266983320446
wooden_dragon_vox10_nor_i03j00k01,2097152,8067,0.872691211106979,0.5971110497745883
wooden_dragon_vox10_nor_i03j00k02,2097152,9318,0.8654217643271088,0.6042015527477546
wooden_dragon_vox10_nor_i03j00k03,2097152,415,4.8,0.5970961887477314
wooden_dragon_vox10_nor_i03j00k04,2097152,1629,1.8661755678330263,0.6178489702517163
wooden_dragon_vox10_nor_i03j00k05,2097152,5559,0.9483720093542004,0.597386688444263
wooden_dragon_vox10_nor_i03j00k06,2097152,5260,0.838022813688213,0.5959208710320503
wooden_dragon_vox10_nor_i03j01k00,2097152,9620,0.8124740124740125,0.6053577007185255
wooden_dragon_vox10_nor_i03j01k01,2097152,9615,0.8569942797711908,0.6028145186096585
wooden_dragon_vox10_nor_i03j01k02,2097152,9208,0.8071242397914856,0.6095777305968388
wooden_dragon_vox10_nor_i03j01k03,2097152,8576,0.8302238805970149,0.5986186396223115
wooden_dragon_vox10_nor_i03j01k04,2097152,5304,0.9457013574660633,0.6057887120115775
wooden_dragon_vox10_nor_i03j01k06,2097152,7420,0.798921832884097,0.6017520215633423
wooden_dragon_vox10_nor_i03j02k00,2097152,1939,1.6049510056730274,0.6187134502923977
wooden_dragon_vox10_nor_i03j02k01,2097152,282,6.666666666666667,0.6539379474940334
wooden_dragon_vox10_nor_i03j02k02,2097152,910,2.6285714285714286,0.6147607461476075
wooden_dragon_vox10_nor_i03j02k03,2097152,2604,1.3640552995391706,0.6076626076626077
wooden_dragon_vox10_nor_i03j02k04,2097152,11628,0.7911936704506364,0.6040696561842189
wooden_dragon_vox10_nor_i03j02k05,2097152,3822,1.077969649398221,0.6044540796216004
wooden_dragon_vox10_nor_i03j02k06,2097152,8759,0.85123872588195,0.6097156594545304
wooden_dragon_vox10_nor_i03j03k00,2097152,5168,0.9845201238390093,0.6033199771036062
wooden_dragon_vox10_nor_i03j03k01,2097152,4921,1.014427961796383,0.6065842395352301
wooden_dragon_vox10_nor_i03j03k02,2097152,9390,0.8391906283280085,0.6151515151515151
wooden_dragon_vox10_nor_i03j03k03,2097152,8193,0.8993042841450019,0.6101251634597422
wooden_dragon_vox10_nor_i03j03k04,2097152,715,3.3454545454545452,0.6545615589016829
wooden_dragon_vox10_nor_i03j03k05,2097152,10957,0.8856438806242585,0.5988598442714127
wooden_dragon_vox10_nor_i03j03k06,2097152,3679,1.1698831204131557,0.5963855421686747
wooden_dragon_vox10_nor_i03j04k00,2097152,5421,0.9518539014941892,0.6157642037876767
wooden_dragon_vox10_nor_i03j04k01,2097152,7184,0.8062360801781737,0.6049715173485241
wooden_dragon_vox10_nor_i03j04k02,2097152,7051,0.870231172883279,0.6005577244841048
wooden_dragon_vox10_nor_i03j04k03,2097152,3538,1.2617297908422838,0.6085756739545743
wooden_dragon_vox10_nor_i03j04k04,2097152,6303,1.0483896557194987,0.5910818343045351
wooden_dragon_vox10_nor_i03j04k05,2097152,8031,1.0041090773253643,0.6016685344290873
wooden_dragon_vox10_nor_i03j04k06,2097152,3943,1.152422013695156,0.6038095238095238
wooden_dragon_vox10_nor_i03j05k00,2097152,1395,1.875268817204301,0.5985108820160366
wooden_dragon_vox10_nor_i03j05k01,2097152,6972,0.8514056224899599,0.595814479638009
wooden_dragon_vox10_nor_i03j05k02,2097152,8650,0.8850867052023121,0.6026752767527676
wooden_dragon_vox10_nor_i03j05k03,2097152,11221,0.8726494964798146,0.5921673159729341
wooden_dragon_vox10_nor_i03j05k04,2097152,6915,1.0493130874909617,0.6017432115320147
wooden_dragon_vox10_nor_i03j05k05,2097152,4529,1.0739677633031575,0.5955907101985863
wooden_dragon_vox10_nor_i03j05k06,2097152,28,59.42857142857143,0.74
wooden_dragon_vox10_nor_i03j06k01,2097152,409,4.6552567237163816,0.6357388316151202
wooden_dragon_vox10_nor_i03j06k03,2097152,4476,1.2189454870420018,0.605424321959755
wooden_dragon_vox10_nor_i03j06k04,2097152,10480,0.9206106870229007,0.6035222397832468
wooden_dragon_vox10_nor_i03j06k05,2097152,9715,0.9544004117344312,0.5949484775703107
wooden_dragon_vox10_nor_i03j06k06,2097152,2152,1.7472118959107807,0.6180507892930679
wooden_dragon_vox10_nor_i03j07k04,2097152,5799,1.1588204862907399,0.612702527543746
wooden_dragon_vox10_nor_i03j07k05,2097152,6348,1.1568998109640831,0.6014371257485029
wooden_dragon_vox10_nor_i03j07k06,2097152,1563,1.8682021753039026,0.6016299137104506
wooden_dragon_vox10_nor_i04j00k00,2097152,178,10.067415730337078,0.6043956043956044
wooden_dragon_vox10_nor_i04j00k01,2097152,993,2.2557905337361532,0.5994087213599408
wooden_dragon_vox10_nor_i04j00k02,2097152,1594,1.671267252195734,0.6248294679399727
wooden_dragon_vox10_nor_i04j00k03,2097152,10534,0.8224795898993734,0.5927060986821943
wooden_dragon_vox10_nor_i04j00k04,2097152,7990,0.907133917396746,0.6085188949459485
wooden_dragon_vox10_nor_i04j00k05,2097152,6040,0.7880794701986755,0.5852649006622517
wooden_dragon_vox10_nor_i04j00k06,2097152,2069,1.3223779603673271,0.6135245901639345
wooden_dragon_vox10_nor_i04j01k00,2097152,616,3.4025974025974026,0.6094808126410836
wooden_dragon_vox10_nor_i04j01k01,2097152,2112,1.571969696969697,0.59375
wooden_dragon_vox10_nor_i04j01k02,2097152,536,3.9402985074626864,0.6428571428571429
wooden_dragon_vox10_nor_i04j01k03,2097152,6859,0.9447441317976382,0.5982237259462888
wooden_dragon_vox10_nor_i04j01k04,2097152,7503,0.8551246168199387,0.6038251366120219
wooden_dragon_vox10_nor_i04j01k05,2097152,7186,0.8416365154467019,0.6012882447665057
wooden_dragon_vox10_nor_i04j01k06,2097152,7868,0.8439247585155059,0.5908540278619019
wooden_dragon_vox10_nor_i04j02k00,2097152,3945,1.2106463878326996,0.6018984889577683
wooden_dragon_vox10_nor_i04j02k04,2097152,1301,2.0476556495003844,0.6101281269066504
wooden_dragon_vox10_nor_i04j02k05,2097152,5446,1.0150569225119355,0.5983664272637657
wooden_dragon_vox10_nor_i04j02k06,2097152,4984,1.0385232744783306,0.6017255216693419
wooden_dragon_vox10_nor_i04j03k00,2097152,7340,0.9460490463215259,0.6048717180792652
wooden_dragon_vox10_nor_i04j03k01,2097152,5752,1.1084840055632823,0.6053546592489569
wooden_dragon_vox10_nor_i04j03k02,2097152,6255,1.0960831334932055,0.6055955235811351
wooden_dragon_vox10_nor_i04j03k03,2097152,4533,1.0218398411647915,0.6036740942337132
wooden_dragon_vox10_nor_i04j03k04,2097152,8539,0.8516219697856892,0.6090602576294631
wooden_dragon_vox10_nor_i04j03k05,2097152,9474,0.8629934557736965,0.5879495483211181
wooden_dragon_vox10_nor_i04j03k06,2097152,2182,1.5582034830430798,0.6418690439594221
wooden_dragon_vox10_nor_i04j04k00,2097152,8404,0.9909566872917658,0.6061584089323099
wooden_dragon_vox10_nor_i04j04k01,2097152,8080,0.9297029702970298,0.6047444929991974
wooden_dragon_vox10_nor_i04j04k02,2097152,7361,0.9292215731558212,0.5926006292719974
wooden_dragon_vox10_nor_i04j04k03,2097152,6516,1.0300798035604666,0.5817825661116552
wooden_dragon_vox10_nor_i04j04k04,2097152,4115,1.2364520048602674,0.6035984848484849
wooden_dragon_vox10_nor_i04j04k05,2097152,7837,0.8931989281612862,0.5985325933590443
wooden_dragon_vox10_nor_i04j04k06,2097152,6167,1.114318144965137,0.6085616993676017
wooden_dragon_vox10_nor_i04j05k00,2097152,7543,0.911043351451677,0.6078785002373043
wooden_dragon_vox10_nor_i04j05k01,2097152,8715,0.9601835915088928,0.6073231243049021
wooden_dragon_vox10_nor_i04j05k02,2097152,2947,1.3220223956566,0.6152143845089904
wooden_dragon_vox10_nor_i04j05k03,2097152,3312,1.2801932367149758,0.6009969143128412
wooden_dragon_vox10_nor_i04j05k04,2097152,3823,1.3036882029819514,0.6167930944284593
wooden_dragon_vox10_nor_i04j06k00,2097152,6719,1.0311058193183509,0.6105217579562676
wooden_dragon_vox10_nor_i04j06k01,2097152,15481,0.7808281118790775,0.6007730535615682
wooden_dragon_vox10_nor_i04j06k02,2097152,34,48.705882352941174,0.6984126984126984
wooden_dragon_vox10_nor_i04j06k04,2097152,661,3.4009077155824508,0.6224489795918368
wooden_dragon_vox10_nor_i04j07k00,2097152,959,2.602711157455683,0.615442846328539
wooden_dragon_vox10_nor_i04j07k01,2097152,9768,0.8886158886158886,0.6016584766584766
wooden_dragon_vox10_nor_i04j07k02,2097152,6994,0.9448098370031456,0.603369384359401
wooden_dragon_vox10_nor_i05j03k06,2097152,106,16.452830188679247,0.6263736263736264
wooden_dragon_vox10_nor_i05j04k05,2097152,51,32.94117647058823,0.5730337078651685
wooden_dragon_vox10_nor_i05j04k06,2097152,678,3.0678466076696167,0.619
wooden_dragon_vox10_nor_i05j07k01,2097152,1157,1.9429559204840103,0.6125
wooden_dragon_vox10_nor_i05j07k02,2097152,1922,1.5608740894901145,0.6255380200860832